MODULOS NECESARIOS PARA PYMES CON FACTURACION ELECTRONICA,
,
MODULE,COMPANY
account,core
account_invoice,core
account_invoice_history,core
account_invoice_stock,core
account_product,core
account_statement,core
bank,core
carrier,core
company,core
country,core
currency,core
dashboard,core
nodux_account_ec_pymes,nodux
nodux_account_electronic_invoice_ec,nodux
nodux_account_invoice_multisequence,nodux
nodux_account_niif_ec,nodux
nodux_account_statemet,nodux
nodux_party_ec,nodux
nodux_sale_payment,nodux
nodux_sale_pos,nodux
nodux_sale_pos_electronic_invoice_ec,nodux
nodux_stock_remission_guide,nodux
party,core
product,core
product_cost_history,core
product_price_list,core
purchase,core
sale,core
sale_invoice_grouping,core
sale_payment,trytonspain
sale_pos,zikzakmedia
sale_price_list,core
sale_product_stock,zikzakmedia
sale_product_stock_shop,zikzakmedia
sale_shop,zikzakmedia
stock,core
stock_supply,core
